{
  "full": {
    "mae": 0.02024727873504162,
    "fusion_mae": 0.9845566749572754,
    "jitter": 1.7156012058258057,
    "mutation_rate": 0.07805907172995781
  },
  "no_attn": {
    "mae": 0.01929636113345623,
    "fusion_mae": 0.9825711250305176,
    "jitter": 1.7155992984771729,
    "mutation_rate": 0.07805907172995781
  },
  "no_conv": {
    "mae": 0.013977608643472195,
    "fusion_mae": 0.9808956384658813,
    "jitter": 1.7155557870864868,
    "mutation_rate": 0.07805907172995781
  },
  "single_stream": {
    "mae": 0.04169980064034462,
    "fusion_mae": 0.9844437837600708,
    "jitter": 1.7156751155853271,
    "mutation_rate": 0.07911392405063292
  }
}