{
  "mean": [
    0.000211232210858725,
    5.159224201634061e-06,
    -1.3308851798399246e-09,
    -1.2643409874613099e-08
  ],
  "std": [
    73.42574310302734,
    18.967134475708008,
    0.18846654891967773,
    0.21549883484840393
  ],
  "seq_len": 8,
  "input_dim": 4,
  "window_size": 1
}