{
  "mean": [
    1.923196396091953e-05,
    0.00030421384144574404,
    -1.6344174014193413e-07,
    -8.816582663939698e-08
  ],
  "std": [
    106.14010620117188,
    81.12193298339844,
    3.285938024520874,
    0.9113587737083435
  ],
  "seq_len": 8,
  "input_dim": 4,
  "window_size": 1
}