{
  "mean": [
    -71.746337890625,
    -19.357526779174805,
    -0.008950927294790745,
    0.0150225218385458
  ],
  "std": [
    0.6697690486907959,
    1.006037950515747,
    0.1644056886434555,
    0.17975671589374542
  ],
  "seq_len": 8,
  "input_dim": 4,
  "window_size": 1
}