{
  "mean": [
    -72.86467742919922,
    -18.567089080810547,
    -0.01475908886641264,
    0.01764676347374916
  ],
  "std": [
    1.751731276512146,
    1.1942040920257568,
    0.2850631773471832,
    0.20862755179405212
  ],
  "seq_len": 8,
  "input_dim": 4,
  "window_size": 1
}