{
  "num_rows": 255353,
  "duration_sec": 1021.4196012000001,
  "tracked_ratio": 0.9913844756082756,
  "valid_track_ratio": 0.9915450376537578,
  "coasting_ratio": 0.0001605620454821365,
  "rmse_x_px": 48.71708163718656,
  "rmse_y_px": 33.236421018214614,
  "mae_x_px": 48.71450086130398,
  "mae_y_px": 33.215099535221995,
  "sign_flip_x_hz": 0.0,
  "sign_flip_y_hz": 0.0,
  "mean_abs_cmd_x": 2.898168781678696,
  "mean_abs_cmd_y": 0.9880320017622666,
  "cmd_jitter_x": 0.005724985595592663,
  "cmd_jitter_y": 0.002583406370439006,
  "meas_update_rate_hz": 4.411507273510505,
  "mean_meas_age_ms": 112.47005502931236,
  "p95_meas_age_ms": 240.06829999999997,
  "mean_gate_d2": 0.012118228444545395,
  "mean_alpha_q": 0.9759272581955176,
  "mean_alpha_r": 0.9024904340657833,
  "mean_outlier_prob": 0.15527769998394383
}