{
  "num_rows": 10416,
  "duration_sec": 41.6608764,
  "tracked_ratio": 0.7750576036866359,
  "valid_track_ratio": 0.7852342549923195,
  "coasting_ratio": 0.010176651305683564,
  "rmse_x_px": 51.71487056854862,
  "rmse_y_px": 55.32675192274306,
  "mae_x_px": 51.6145334775645,
  "mae_y_px": 55.19849130174838,
  "sign_flip_x_hz": 0.0,
  "sign_flip_y_hz": 0.0,
  "mean_abs_cmd_x": 2.431769983294931,
  "mean_abs_cmd_y": 1.3003123872887865,
  "cmd_jitter_x": 0.03155955387314623,
  "cmd_jitter_y": 0.012133294664840187,
  "meas_update_rate_hz": 4.200583740000247,
  "mean_meas_age_ms": 74.63022650729647,
  "p95_meas_age_ms": 199.74145,
  "mean_gate_d2": 0.14509086002304145,
  "mean_alpha_q": 1.0,
  "mean_alpha_r": 1.0,
  "mean_outlier_prob": 0.0
}