{
  "mean": [
    3.447285828768673e-17,
    -3.209945124151991e-15,
    -9.410720960485394e-17,
    -1.4242707636259827e-16
  ],
  "std": [
    1.000000009366355,
    1.0000000098121786,
    1.0000000078609936,
    1.000000008617239
  ],
  "seq_len": 8,
  "input_dim": 4,
  "window_size": 2
}