{
  "mean": [
    1.0648745046637487e-05,
    0.00043889140943065286,
    1.3105245955102873e-07,
    -1.6245481049281807e-07
  ],
  "std": [
    105.04632568359375,
    80.83657836914062,
    2.8063032627105713,
    0.7008482813835144
  ],
  "seq_len": 8,
  "input_dim": 4,
  "window_size": 1
}